<?xml version="1.0" encoding="ISO-8859-1"?>
<metadata>
	<idinfo>
		<citation>
			<citeinfo>
				<origin>Andrew Couturier, Bird Studies Canada</origin>
				<pubdate>August 2007</pubdate>
				<title>British Columbia Breeding Bird Atlas 10-km Squares</title>
				<geoform>vector digital data</geoform>
				<onlink>\\GIS2\F$\data\projects\bcatlas\base_layers\bcbba_squares</onlink>
				<ftname Sync="TRUE">bcbba_squares</ftname></citeinfo>
		</citation>
		<descript>
			<abstract>The British Columbia Breeding Bird Atlas, 2008-2012, is a multi-year project whose aim is to document the distribution and abundance of breeding birds within the province of British Columbia, Canada.  Surveying of birds is primarily done by volunteers.  This layer represents the base sampling unit for the Atlas.  The base sampling unit is a 10 km x 10 km 'square' that is defined on the basis of a modified UTM Military Grid Reference System in NAD 83 coordinates.  While the overall project spans 5 UTM zones, this file may represent a subset of squares within one of the UTM zones present.  Check other metadata for details.</abstract>
			<purpose>To provide a spatial framework for the collection of bird distribution and abundance data within the province of British Columbia.  This layer is also used to map the results of the project, e.g., the highest breeding evidence (possible, probable, confirmed) for each species in each square.</purpose>
			<supplinf>This coverage was created using the ArcInfo Workstation GENERATE command and FISHNET subcommand.</supplinf>
			<langdata Sync="TRUE">en</langdata></descript>
		<timeperd>
			<timeinfo>
				<rngdates>
					<begdate>2008</begdate>
					<enddate>2012</enddate>
				</rngdates>
			</timeinfo>
		</timeperd>
		<status>
			<progress>Complete</progress>
			<update>None planned</update>
		</status>
		<spdom>
			<bounding>
				<westbc Sync="TRUE">-143.999981</westbc><eastbc Sync="TRUE">-114.000019</eastbc><northbc Sync="TRUE">61.334083</northbc><southbc Sync="TRUE">47.814109</southbc></bounding>
			<lboundng><leftbc Sync="TRUE">-143.999981</leftbc><rightbc Sync="TRUE">-114.000019</rightbc><bottombc Sync="TRUE">47.814109</bottombc><topbc Sync="TRUE">61.334083</topbc></lboundng></spdom>
		<keywords>
			<theme>
				<themekt>None</themekt>
				<themekey>atlas</themekey>
				<themekey>sampling framework</themekey>
				<themekey>birds</themekey>
				<themekey>abundance</themekey><themekey>distribution</themekey></theme>
			<place>
				<placekey>British Columbia</placekey><placekey>Canada</placekey></place>
			<temporal>
				<tempkey>2008-2012</tempkey>
			</temporal>
		</keywords>
		<accconst>With permission from creator.</accconst>
		<useconst>Product is provided for non-commercial use and is not to be re-sold.</useconst>
		<ptcontac>
			<cntinfo>
				<cntperp>
					<cntper>Andrew Couturier</cntper>
					<cntorg>Bird Studies Canada</cntorg>
				</cntperp>
				<cntpos>GIS Analyst</cntpos>
				<cntaddr>
					<addrtype>mailing and physical address</addrtype>
					<address>P.O. Box 160, 115 Front Street</address>
					<city>Port Rowan</city>
					<state>Ontario</state>
					<postal>N0E 1M0</postal>
					<country>Canada</country>
				</cntaddr>
				<cntvoice>+1-519-586-3531 ext 213</cntvoice>
				<cntfax>+1-519-586-3532</cntfax>
				<cntemail>acouturier@bsc-eoc.org</cntemail>
			</cntinfo>
		</ptcontac>
		<datacred>Andrew Couturier, Bird Studies Canada, 2007.</datacred>
		<native>Microsoft Windows XP Version 5.1 (Build 2600) Service Pack 2; ESRI ArcCatalog 9.2.2.1350</native>
		<natvform Sync="TRUE">ArcInfo Coverage</natvform></idinfo>
	<spdoinfo>
		<direct>Vector</direct>
		<ptvctinf>
			<sdtsterm Name="arc">
				<sdtstype>Complete chain</sdtstype>
				<ptvctcnt>3779</ptvctcnt>
			</sdtsterm>
			<sdtsterm Name="label">
				<sdtstype>Label point</sdtstype>
				<ptvctcnt>1773</ptvctcnt>
			</sdtsterm>
			<sdtsterm Name="polygon">
				<sdtstype>GT-polygon composed of chains</sdtstype>
				<ptvctcnt>1773</ptvctcnt>
			</sdtsterm>
			<sdtsterm Name="tic">
				<sdtstype>Point</sdtstype>
				<ptvctcnt>12</ptvctcnt>
			</sdtsterm>
			<esriterm Name="arc"><efeatyp Sync="TRUE">Simple</efeatyp><efeageom Sync="TRUE">Arc</efeageom><esritopo Sync="TRUE">FALSE</esritopo><efeacnt Sync="TRUE">60016</efeacnt><spindex Sync="TRUE">FALSE</spindex><linrefer Sync="TRUE">FALSE</linrefer></esriterm><esriterm Name="label"><efeatyp Sync="TRUE">Simple</efeatyp><efeageom Sync="TRUE">Label</efeageom><esritopo Sync="TRUE">FALSE</esritopo><efeacnt Sync="TRUE">29830</efeacnt><spindex Sync="TRUE">FALSE</spindex><linrefer Sync="TRUE">FALSE</linrefer></esriterm><esriterm Name="polygon"><efeatyp Sync="TRUE">Simple</efeatyp><efeageom Sync="TRUE">Polygon</efeageom><esritopo Sync="TRUE">TRUE</esritopo><efeacnt Sync="TRUE">29830</efeacnt><spindex Sync="TRUE">FALSE</spindex><linrefer Sync="TRUE">FALSE</linrefer></esriterm><esriterm Name="tic"><efeatyp Sync="TRUE">Simple</efeatyp><efeageom Sync="TRUE">Tic</efeageom><esritopo Sync="TRUE">FALSE</esritopo><efeacnt Sync="TRUE">4</efeacnt><spindex Sync="TRUE">FALSE</spindex><linrefer Sync="TRUE">FALSE</linrefer></esriterm></ptvctinf>
	</spdoinfo>
	<spref>
		<horizsys>
			<geograph>
				<latres>0.000000</latres>
				<longres>0.000000</longres>
				<geogunit>Decimal degrees</geogunit>
			</geograph>
			<geodetic>
				<horizdn>North American Datum of 1983</horizdn>
				<ellips>Geodetic Reference System 80</ellips>
				<semiaxis>6378137.000000</semiaxis>
				<denflat>298.257222</denflat>
			</geodetic>
			<cordsysn><geogcsn Sync="TRUE">GCS_North_American_1983</geogcsn></cordsysn></horizsys>
	</spref>
	<eainfo>
		<detailed Name="bcbba_squares.pat"><enttyp><enttypl Sync="TRUE">bcbba_squares.pat</enttypl><enttypt Sync="TRUE">Feature Class</enttypt><enttypc Sync="TRUE">29830</enttypc></enttyp><attr><attrlabl Sync="TRUE">FID</attrlabl><attalias Sync="TRUE">FID</attalias><attrtype Sync="TRUE">OID</attrtype><attwidth Sync="TRUE">4</attwidth><atprecis Sync="TRUE">0</atprecis><attscale Sync="TRUE">0</attscale><attrdef Sync="TRUE">Internal feature number.</attrdef><attrdefs Sync="TRUE">ESRI</attrdefs><attrdomv><udom Sync="TRUE">Sequential unique whole numbers that are automatically generated.</udom></attrdomv></attr><attr><attrlabl Sync="TRUE">Shape</attrlabl><attwidth Sync="TRUE">0</attwidth><atoutwid Sync="TRUE">18</atoutwid><attrtype Sync="TRUE">Geometry</attrtype><atnumdec Sync="TRUE">5</atnumdec><attrdef Sync="TRUE">Feature geometry.</attrdef><attrdefs Sync="TRUE">ESRI</attrdefs><attrdomv><udom Sync="TRUE">Coordinates defining the features.</udom></attrdomv><attalias Sync="TRUE">Shape</attalias><atprecis Sync="TRUE">0</atprecis><attscale Sync="TRUE">0</attscale></attr><attr><attrlabl Sync="TRUE">AREA</attrlabl><attwidth Sync="TRUE">8</attwidth><atoutwid Sync="TRUE">18</atoutwid><attrtype Sync="TRUE">Float</attrtype><atnumdec Sync="TRUE">5</atnumdec><attrdef Sync="TRUE">Area of feature in internal units squared.</attrdef><attrdefs Sync="TRUE">ESRI</attrdefs><attrdomv><udom Sync="TRUE">Positive real numbers that are automatically generated.</udom></attrdomv></attr><attr><attrlabl Sync="TRUE">PERIMETER</attrlabl><attwidth Sync="TRUE">8</attwidth><atoutwid Sync="TRUE">18</atoutwid><attrtype Sync="TRUE">Float</attrtype><attrdef Sync="TRUE">Perimeter of feature in internal units.</attrdef><attrdefs Sync="TRUE">ESRI</attrdefs><attrdomv><udom Sync="TRUE">Positive real numbers that are automatically generated.</udom></attrdomv><atnumdec Sync="TRUE">5</atnumdec></attr><attr><attrlabl Sync="TRUE">BCBBA_SQUARES#</attrlabl><attwidth Sync="TRUE">4</attwidth><atoutwid Sync="TRUE">5</atoutwid><attrtype Sync="TRUE">Binary</attrtype><attrdef Sync="TRUE">Internal feature number.</attrdef><attrdefs Sync="TRUE">ESRI</attrdefs><attrdomv><udom Sync="TRUE">Sequential unique whole numbers that are automatically generated.</udom></attrdomv></attr><attr><attrlabl Sync="TRUE">BCBBA_SQUARES-ID</attrlabl><attwidth Sync="TRUE">4</attwidth><atoutwid Sync="TRUE">5</atoutwid><attrtype Sync="TRUE">Binary</attrtype><attrdefs Sync="TRUE">ESRI</attrdefs><attrdef Sync="TRUE">User-defined feature number.</attrdef></attr><attr><attrlabl Sync="TRUE">SQUARE_NO</attrlabl><attwidth Sync="TRUE">9</attwidth><atoutwid Sync="TRUE">9</atoutwid><attrtype Sync="TRUE">Character</attrtype><attrdomv><udom>Alphanumeric codes that follow the UTM Military Grid Reference System</udom></attrdomv><attrdef>10-km atlas square number, ranging in value from 00 to 99.</attrdef></attr><attr><attrlabl Sync="TRUE">SQUARE_ID</attrlabl><attwidth Sync="TRUE">6</attwidth><atoutwid Sync="TRUE">8</atoutwid><attrtype Sync="TRUE">Character</attrtype><attrdomv><udom>Alphanumeric codes that follow the UTM Military Grid Reference System</udom></attrdomv><attrdef>Full 10-km atlas square identifier, using NAD83 naming conventions for the 100-km easting and northing designations.  The identifier consists of the UTM zone designation, the 100-km easting and northing designations, and the 10-km easting and northing designations, e.g., 17NH42</attrdef></attr><attr><attrlabl Sync="TRUE">NAME</attrlabl><attwidth Sync="TRUE">128</attwidth><atoutwid Sync="TRUE">128</atoutwid><attrtype Sync="TRUE">Character</attrtype><attrdomv><udom>Name given to the 10-km atlas square for ease of identification</udom></attrdomv><attrdef>Name of 10-km atlas square (if applicable)</attrdef></attr><attr><attrlabl Sync="TRUE">REGION</attrlabl><attwidth Sync="TRUE">2</attwidth><atoutwid Sync="TRUE">3</atoutwid><attrtype Sync="TRUE">Integer</attrtype><attrdomv><rdom><rdommin>1</rdommin><rdommax>41</rdommax></rdom></attrdomv><attrdef>Atlas administrative region identifier.  Each square was assigned to a region for the purposes of organizing coverage and facilitating review of records.</attrdef></attr><attr><attrlabl Sync="TRUE">ZONE</attrlabl><attwidth Sync="TRUE">2</attwidth><atoutwid Sync="TRUE">3</atoutwid><attrtype Sync="TRUE">Integer</attrtype><attrdef>UTM zone identifier</attrdef><attrdomv><rdom><rdommin>7</rdommin><rdommax>11</rdommax></rdom></attrdomv></attr><attr><attrlabl Sync="TRUE">BLOCK_ID</attrlabl><attwidth Sync="TRUE">5</attwidth><atoutwid Sync="TRUE">5</atoutwid><attrtype Sync="TRUE">Character</attrtype><attrdef>Atlas block identifier, consisting of the UTM zone identifier, and the 100-km UTM easting and northing designations using NAD83 naming conventions.</attrdef><attrdomv><udom>Alphanumeric codes that follow the UTM Military Grid Reference System</udom></attrdomv><attrdomv><udom>Alphanumeric codes that follow the UTM Military Grid Reference System</udom></attrdomv></attr><attr><attrlabl Sync="TRUE">X-COORD</attrlabl><attwidth Sync="TRUE">8</attwidth><atoutwid Sync="TRUE">18</atoutwid><attrtype Sync="TRUE">Float</attrtype><atnumdec Sync="TRUE">5</atnumdec></attr><attr><attrlabl Sync="TRUE">Y-COORD</attrlabl><attwidth Sync="TRUE">8</attwidth><atoutwid Sync="TRUE">18</atoutwid><attrtype Sync="TRUE">Float</attrtype><atnumdec Sync="TRUE">5</atnumdec></attr></detailed></eainfo>
	<distinfo>
		<distrib>
			<cntinfo>
				<cntperp>
					<cntper>Andrew Couturier</cntper>
					<cntorg>Bird Studies Canada</cntorg>
				</cntperp>
				<cntpos>GIS Analyst</cntpos>
				<cntaddr>
					<addrtype>mailing and physical address</addrtype>
					<address>P.O. Box 160, 115 Front Street</address>
					<city>Port Rowan</city>
					<state>Ontario</state>
					<postal>N0E 1M0</postal>
					<country>Canada</country>
				</cntaddr>
				<cntvoice>+1-519-586-3531 ext 213</cntvoice>
				<cntfax>+1-519-586-3532</cntfax>
				<cntemail>acouturier@bsc-eoc.org</cntemail>
			</cntinfo>
		</distrib>
		<resdesc>Downloadable Data</resdesc>
		<stdorder>
			<digform>
				<digtinfo>
					<formname>ARCE</formname>
					<transize>1.132</transize>
					<dssize Sync="TRUE">15.185</dssize></digtinfo>
			</digform>
			<fees>To be negotiated on a case by case basis</fees>
			<ordering>Contact author/creator.</ordering>
			<turnarnd>1-3 days</turnarnd>
		</stdorder>
		<custom>Contact author/creator.</custom>
		<distliab>Author assumes no liability for use of the data by third parties.  Data are provided as is and are to be used at the user's own risk.</distliab></distinfo>
	<metainfo>
		<metd>20070813</metd>
		<metc>
			<cntinfo>
				<cntperp>
					<cntper>Andrew Couturier</cntper>
					<cntorg>Bird Studies Canada</cntorg>
				</cntperp>
				<cntpos>GIS Analyst</cntpos>
				<cntaddr>
					<addrtype>mailing and physical address</addrtype>
					<address>P.O. Box 160, 115 Front Street</address>
					<city>Port Rowan</city>
					<state>Ontario</state>
					<postal>N0E 1M0</postal>
					<country>Canada</country>
				</cntaddr>
				<cntvoice>+1-519-586-3531 ext 213</cntvoice>
				<cntfax>+1-519-586-3532</cntfax>
				<cntemail>acouturier@bsc-eoc.org</cntemail>
			</cntinfo>
		</metc>
		<metstdn>FGDC Content Standards for Digital Geospatial Metadata</metstdn>
		<metstdv>FGDC-STD-001-1998</metstdv>
		<mettc>local time</mettc>
		<metextns>
			<onlink>http://www.esri.com/metadata/esriprof80.html</onlink>
			<metprof>ESRI Metadata Profile</metprof>
		</metextns>
		<langmeta Sync="TRUE">en</langmeta><metextns><onlink Sync="TRUE">http://www.esri.com/metadata/esriprof80.html</onlink><metprof Sync="TRUE">ESRI Metadata Profile</metprof></metextns></metainfo>
	<Esri><CreaDate>20100322</CreaDate><CreaTime>13493700</CreaTime><SyncOnce>FALSE</SyncOnce><SyncDate>20090720</SyncDate><SyncTime>13380700</SyncTime><ModDate>20090720</ModDate><ModTime>13380700</ModTime><MetaID>{3D3FB285-D01F-46DC-921B-3F7F9108B45B}</MetaID></Esri><dataqual><lineage><procstep><date Sync="TRUE">20070813</date><time Sync="TRUE">11281100</time></procstep><procstep><procdesc Sync="TRUE">Dataset copied.</procdesc><srcused Sync="TRUE"></srcused><procdate Sync="TRUE">20100322</procdate><proctime Sync="TRUE">13493700</proctime></procstep></lineage></dataqual><dataIdInfo><envirDesc Sync="TRUE">Microsoft Windows XP Version 5.1 (Build 2600) Service Pack 3; ESRI ArcCatalog 9.3.1.1850</envirDesc><dataLang><languageCode Sync="TRUE" value="en"></languageCode></dataLang><idCitation><resTitle Sync="TRUE">bcbba_squares</resTitle><presForm><PresFormCd Sync="TRUE" value="005"></PresFormCd></presForm></idCitation><spatRpType><SpatRepTypCd Sync="TRUE" value="001"></SpatRepTypCd></spatRpType><dataExt><geoEle><GeoBndBox esriExtentType="native"><westBL Sync="TRUE">-143.999981</westBL><eastBL Sync="TRUE">-114.000019</eastBL><northBL Sync="TRUE">61.334083</northBL><southBL Sync="TRUE">47.814109</southBL><exTypeCode Sync="TRUE">1</exTypeCode></GeoBndBox></geoEle></dataExt><geoBox esriExtentType="decdegrees"><westBL Sync="TRUE">-143.999981</westBL><eastBL Sync="TRUE">-114.000019</eastBL><northBL Sync="TRUE">61.334083</northBL><southBL Sync="TRUE">47.814109</southBL><exTypeCode Sync="TRUE">1</exTypeCode></geoBox></dataIdInfo><mdLang><languageCode Sync="TRUE" value="en"></languageCode></mdLang><mdStanName Sync="TRUE">ISO 19115 Geographic Information - Metadata</mdStanName><mdStanVer Sync="TRUE">DIS_ESRI1.0</mdStanVer><mdChar><CharSetCd Sync="TRUE" value="004"></CharSetCd></mdChar><mdHrLv><ScopeCd Sync="TRUE" value="005"></ScopeCd></mdHrLv><mdHrLvName Sync="TRUE">dataset</mdHrLvName><distInfo><distributor><distorTran><onLineSrc><orDesc Sync="TRUE">002</orDesc><linkage Sync="TRUE">file://</linkage><protocol Sync="TRUE">Local Area Network</protocol></onLineSrc><transSize Sync="TRUE">15.185</transSize></distorTran><distorFormat><formatName Sync="TRUE">ArcInfo Coverage</formatName></distorFormat></distributor></distInfo><refSysInfo><RefSystem><refSysID><identCode Sync="TRUE">GCS_North_American_1983</identCode></refSysID></RefSystem></refSysInfo><spatRepInfo><VectSpatRep><topLvl><TopoLevCd Sync="TRUE" value="004"></TopoLevCd></topLvl><geometObjs Name="arc"><geoObjTyp><GeoObjTypCd Sync="TRUE" value="003"></GeoObjTypCd></geoObjTyp><geoObjCnt Sync="TRUE">60016</geoObjCnt></geometObjs><geometObjs Name="label"><geoObjTyp><GeoObjTypCd Sync="TRUE" value="004"></GeoObjTypCd></geoObjTyp><geoObjCnt Sync="TRUE">29830</geoObjCnt></geometObjs><geometObjs Name="polygon"><geoObjTyp><GeoObjTypCd Sync="TRUE" value="002"></GeoObjTypCd></geoObjTyp><geoObjCnt Sync="TRUE">29830</geoObjCnt></geometObjs><geometObjs Name="tic"><geoObjTyp><GeoObjTypCd Sync="TRUE" value="004"></GeoObjTypCd></geoObjTyp><geoObjCnt Sync="TRUE">4</geoObjCnt></geometObjs></VectSpatRep></spatRepInfo><mdDateSt Sync="TRUE">20090720</mdDateSt></metadata>
