<?xml version="1.0" encoding="ISO-8859-1"?>
<metadata>
	<idinfo>
		<citation>
			<citeinfo>
				<origin>Andrew Couturier, Bird Studies Canada</origin>
				<pubdate>August 2007</pubdate>
				<title>British Columbia Breeding Bird Atlas Blocks</title>
				<geoform>vector digital data</geoform>
				<onlink>\\GIS2\F$\data\projects\bcatlas\base_layers\bcbba_squares</onlink>
				<ftname Sync="TRUE">bcbba_blocks</ftname></citeinfo>
		</citation>
		<descript>
			<abstract>The British Columbia Breeding Bird Atlas, 2008-2012, is a multi-year project whose aim is to document the distribution and abundance of breeding birds within the province of British Columbia, Canada.  Surveying of birds is primarily done by volunteers.  This layer represents the 100-km blocks that form the highest level spatial units in the Military Grid Reference System framework used in the project.</abstract>
			<purpose>To provide a spatial framework for the collection of bird distribution and abundance data within the province of British Columbia.  </purpose>
			<langdata Sync="TRUE">en</langdata></descript>
		<timeperd>
			<timeinfo>
				<rngdates>
					<begdate>2008</begdate>
					<enddate>2012</enddate>
				</rngdates>
			</timeinfo>
		</timeperd>
		<status>
			<progress>Complete</progress>
			<update>None planned</update>
		</status>
		<spdom>
			<bounding>
				<westbc Sync="TRUE">-143.999981</westbc><eastbc Sync="TRUE">-114.000019</eastbc><northbc Sync="TRUE">60.436277</northbc><southbc Sync="TRUE">47.814109</southbc></bounding>
			<lboundng><leftbc Sync="TRUE">-143.999981</leftbc><rightbc Sync="TRUE">-114.000019</rightbc><bottombc Sync="TRUE">47.814109</bottombc><topbc Sync="TRUE">60.436277</topbc></lboundng></spdom>
		<keywords>
			<theme>
				<themekt>None</themekt>
				<themekey>atlas</themekey>
				<themekey>sampling framework</themekey>
				<themekey>birds</themekey>
				<themekey>abundance</themekey><themekey>distribution</themekey></theme>
			<place>
				<placekey>British Columbia</placekey><placekey>Canada</placekey></place>
			<temporal>
				<tempkey>2008-2012</tempkey>
			</temporal>
		</keywords>
		<accconst>With permission from creator.</accconst>
		<useconst>Product is provided for non-commercial use and is not to be re-sold.</useconst>
		<ptcontac>
			<cntinfo>
				<cntperp>
					<cntper>Andrew Couturier</cntper>
					<cntorg>Bird Studies Canada</cntorg>
				</cntperp>
				<cntpos>GIS Analyst</cntpos>
				<cntaddr>
					<addrtype>mailing and physical address</addrtype>
					<address>P.O. Box 160, 115 Front Street</address>
					<city>Port Rowan</city>
					<state>Ontario</state>
					<postal>N0E 1M0</postal>
					<country>Canada</country>
				</cntaddr>
				<cntvoice>+1-519-586-3531 ext 213</cntvoice>
				<cntfax>+1-519-586-3532</cntfax>
				<cntemail>acouturier@bsc-eoc.org</cntemail>
			</cntinfo>
		</ptcontac>
		<datacred>Andrew Couturier, Bird Studies Canada, 2007.</datacred>
		<native>Microsoft Windows XP Version 5.1 (Build 2600) Service Pack 2; ESRI ArcCatalog 9.2.2.1350</native>
		<natvform Sync="TRUE">ArcInfo Coverage</natvform></idinfo>
	<spdoinfo>
		<direct>Vector</direct>
		<ptvctinf>
			<sdtsterm Name="arc">
				<sdtstype>Complete chain</sdtstype>
				<ptvctcnt>3779</ptvctcnt>
			</sdtsterm>
			<sdtsterm Name="label">
				<sdtstype>Label point</sdtstype>
				<ptvctcnt>1773</ptvctcnt>
			</sdtsterm>
			<sdtsterm Name="polygon">
				<sdtstype>GT-polygon composed of chains</sdtstype>
				<ptvctcnt>1773</ptvctcnt>
			</sdtsterm>
			<sdtsterm Name="tic">
				<sdtstype>Point</sdtstype>
				<ptvctcnt>12</ptvctcnt>
			</sdtsterm>
			<esriterm Name="arc"><efeatyp Sync="TRUE">Simple</efeatyp><efeageom Sync="TRUE">Arc</efeageom><esritopo Sync="TRUE">FALSE</esritopo><efeacnt Sync="TRUE">740</efeacnt><spindex Sync="TRUE">FALSE</spindex><linrefer Sync="TRUE">FALSE</linrefer></esriterm><esriterm Name="label"><efeatyp Sync="TRUE">Simple</efeatyp><efeageom Sync="TRUE">Label</efeageom><esritopo Sync="TRUE">FALSE</esritopo><efeacnt Sync="TRUE">350</efeacnt><spindex Sync="TRUE">FALSE</spindex><linrefer Sync="TRUE">FALSE</linrefer></esriterm><esriterm Name="polygon"><efeatyp Sync="TRUE">Simple</efeatyp><efeageom Sync="TRUE">Polygon</efeageom><esritopo Sync="TRUE">TRUE</esritopo><efeacnt Sync="TRUE">350</efeacnt><spindex Sync="TRUE">FALSE</spindex><linrefer Sync="TRUE">FALSE</linrefer></esriterm><esriterm Name="tic"><efeatyp Sync="TRUE">Simple</efeatyp><efeageom Sync="TRUE">Tic</efeageom><esritopo Sync="TRUE">FALSE</esritopo><efeacnt Sync="TRUE">4</efeacnt><spindex Sync="TRUE">FALSE</spindex><linrefer Sync="TRUE">FALSE</linrefer></esriterm></ptvctinf>
	</spdoinfo>
	<spref>
		<horizsys>
			<geograph>
				<latres>0.000000</latres>
				<longres>0.000000</longres>
				<geogunit>Decimal degrees</geogunit>
			</geograph>
			<geodetic>
				<horizdn>North American Datum of 1983</horizdn>
				<ellips>Geodetic Reference System 80</ellips>
				<semiaxis>6378137.000000</semiaxis>
				<denflat>298.257222</denflat>
			</geodetic>
			<cordsysn><geogcsn Sync="TRUE">GCS_North_American_1983</geogcsn></cordsysn></horizsys>
	</spref>
	<eainfo>
		<detailed Name="bcbba_blocks.pat"><enttyp><enttypl Sync="TRUE">bcbba_blocks.pat</enttypl><enttypt Sync="TRUE">Feature Class</enttypt><enttypc Sync="TRUE">350</enttypc></enttyp><attr><attrlabl Sync="TRUE">FID</attrlabl><attalias Sync="TRUE">FID</attalias><attrtype Sync="TRUE">OID</attrtype><attwidth Sync="TRUE">4</attwidth><atprecis Sync="TRUE">0</atprecis><attscale Sync="TRUE">0</attscale><attrdef Sync="TRUE">Internal feature number.</attrdef><attrdefs Sync="TRUE">ESRI</attrdefs><attrdomv><udom Sync="TRUE">Sequential unique whole numbers that are automatically generated.</udom></attrdomv></attr><attr><attrlabl Sync="TRUE">Shape</attrlabl><attwidth Sync="TRUE">0</attwidth><atoutwid Sync="TRUE">18</atoutwid><attrtype Sync="TRUE">Geometry</attrtype><atnumdec Sync="TRUE">5</atnumdec><attrdef Sync="TRUE">Feature geometry.</attrdef><attrdefs Sync="TRUE">ESRI</attrdefs><attrdomv><udom Sync="TRUE">Coordinates defining the features.</udom></attrdomv><attalias Sync="TRUE">Shape</attalias><atprecis Sync="TRUE">0</atprecis><attscale Sync="TRUE">0</attscale></attr><attr><attrlabl Sync="TRUE">AREA</attrlabl><attwidth Sync="TRUE">8</attwidth><atoutwid Sync="TRUE">18</atoutwid><attrtype Sync="TRUE">Float</attrtype><atnumdec Sync="TRUE">5</atnumdec><attrdef Sync="TRUE">Area of feature in internal units squared.</attrdef><attrdefs Sync="TRUE">ESRI</attrdefs><attrdomv><udom Sync="TRUE">Positive real numbers that are automatically generated.</udom></attrdomv></attr><attr><attrlabl Sync="TRUE">PERIMETER</attrlabl><attwidth Sync="TRUE">8</attwidth><atoutwid Sync="TRUE">18</atoutwid><attrtype Sync="TRUE">Float</attrtype><attrdef Sync="TRUE">Perimeter of feature in internal units.</attrdef><attrdefs Sync="TRUE">ESRI</attrdefs><attrdomv><udom Sync="TRUE">Positive real numbers that are automatically generated.</udom></attrdomv><atnumdec Sync="TRUE">5</atnumdec></attr><attr><attrlabl Sync="TRUE">BCBBA_BLOCKS#</attrlabl><attwidth Sync="TRUE">4</attwidth><atoutwid Sync="TRUE">5</atoutwid><attrtype Sync="TRUE">Binary</attrtype><attrdef Sync="TRUE">Internal feature number.</attrdef><attrdefs Sync="TRUE">ESRI</attrdefs><attrdomv><udom Sync="TRUE">Sequential unique whole numbers that are automatically generated.</udom></attrdomv></attr><attr><attrlabl Sync="TRUE">BCBBA_BLOCKS-ID</attrlabl><attwidth Sync="TRUE">4</attwidth><atoutwid Sync="TRUE">5</atoutwid><attrtype Sync="TRUE">Binary</attrtype><attrdefs Sync="TRUE">ESRI</attrdefs><attrdef Sync="TRUE">User-defined feature number.</attrdef></attr><attr><attrlabl Sync="TRUE">EAST</attrlabl><attwidth Sync="TRUE">1</attwidth><atoutwid Sync="TRUE">1</atoutwid><attrtype Sync="TRUE">Character</attrtype><attrdef>Easting identifier for the 100-km block in the NAD83 UTM system.</attrdef></attr><attr><attrlabl Sync="TRUE">NORTH</attrlabl><attwidth Sync="TRUE">1</attwidth><atoutwid Sync="TRUE">1</atoutwid><attrtype Sync="TRUE">Character</attrtype><attrdomv/><attrdef>Northing identifier for the 100-km block in the NAD83 UTM system.</attrdef></attr><attr><attrlabl Sync="TRUE">BLOCK_ID</attrlabl><attwidth Sync="TRUE">4</attwidth><atoutwid Sync="TRUE">4</atoutwid><attrtype Sync="TRUE">Character</attrtype><attrdef>Full identifier for the 100-km block, consisting of the UTM zone, Easting identifier, and Northing identifier.</attrdef></attr><attr><attrlabl Sync="TRUE">LABEL</attrlabl><attwidth Sync="TRUE">2</attwidth><atoutwid Sync="TRUE">2</atoutwid><attrtype Sync="TRUE">Character</attrtype><attrdef>Shortened 100-km block identifier, used for labelling features.</attrdef></attr><attr><attrlabl Sync="TRUE">ZONE</attrlabl><attwidth Sync="TRUE">2</attwidth><atoutwid Sync="TRUE">5</atoutwid><attrtype Sync="TRUE">Binary</attrtype><attrdef>UTM zone identifier.</attrdef><attrdomv><rdom><rdommin>7</rdommin><rdommax>11</rdommax></rdom></attrdomv></attr></detailed></eainfo>
	<distinfo>
		<distrib>
			<cntinfo>
				<cntperp>
					<cntper>Andrew Couturier</cntper>
					<cntorg>Bird Studies Canada</cntorg>
				</cntperp>
				<cntpos>GIS Analyst</cntpos>
				<cntaddr>
					<addrtype>mailing and physical address</addrtype>
					<address>P.O. Box 160, 115 Front Street</address>
					<city>Port Rowan</city>
					<state>Ontario</state>
					<postal>N0E 1M0</postal>
					<country>Canada</country>
				</cntaddr>
				<cntvoice>+1-519-586-3531 ext 213</cntvoice>
				<cntfax>+1-519-586-3532</cntfax>
				<cntemail>acouturier@bsc-eoc.org</cntemail>
			</cntinfo>
		</distrib>
		<resdesc>Downloadable Data</resdesc>
		<stdorder>
			<digform>
				<digtinfo>
					<formname>ARCE</formname>
					<transize>1.132</transize>
					<dssize Sync="TRUE">0.222</dssize></digtinfo>
			</digform>
			<fees>To be negotiated on a case by case basis</fees>
			<ordering>Contact author/creator.</ordering>
			<turnarnd>1-3 days</turnarnd>
		</stdorder>
		<custom>Contact author/creator.</custom>
		<distliab>Author assumes no liability for use of the data by third parties.  Data are provided as is and are to be used at the user's own risk.</distliab></distinfo>
	<metainfo>
		<metd>20070813</metd>
		<metc>
			<cntinfo>
				<cntperp>
					<cntper>Andrew Couturier</cntper>
					<cntorg>Bird Studies Canada</cntorg>
				</cntperp>
				<cntpos>GIS Analyst</cntpos>
				<cntaddr>
					<addrtype>mailing and physical address</addrtype>
					<address>P.O. Box 160, 115 Front Street</address>
					<city>Port Rowan</city>
					<state>Ontario</state>
					<postal>N0E 1M0</postal>
					<country>Canada</country>
				</cntaddr>
				<cntvoice>+1-519-586-3531 ext 213</cntvoice>
				<cntfax>+1-519-586-3532</cntfax>
				<cntemail>acouturier@bsc-eoc.org</cntemail>
			</cntinfo>
		</metc>
		<metstdn>FGDC Content Standards for Digital Geospatial Metadata</metstdn>
		<metstdv>FGDC-STD-001-1998</metstdv>
		<mettc>local time</mettc>
		<metextns>
			<onlink>http://www.esri.com/metadata/esriprof80.html</onlink>
			<metprof>ESRI Metadata Profile</metprof>
		</metextns>
		<langmeta Sync="TRUE">en</langmeta><metextns><onlink Sync="TRUE">http://www.esri.com/metadata/esriprof80.html</onlink><metprof Sync="TRUE">ESRI Metadata Profile</metprof></metextns></metainfo>
	<Esri><CreaDate>20080409</CreaDate><CreaTime>15101200</CreaTime><SyncOnce>FALSE</SyncOnce><SyncDate>20080409</SyncDate><SyncTime>14573900</SyncTime><ModDate>20080409</ModDate><ModTime>14573900</ModTime><MetaID>{42A7BF35-D3C3-49D4-B8D0-9DC84A33FF92}</MetaID></Esri><dataqual><lineage><procstep><date Sync="TRUE">20070813</date><time Sync="TRUE">11281100</time></procstep><procstep><procdesc Sync="TRUE">Dataset copied.</procdesc><srcused Sync="TRUE"></srcused><date Sync="TRUE">20080409</date><time Sync="TRUE">15101200</time></procstep></lineage></dataqual><dataIdInfo><envirDesc Sync="TRUE">Microsoft Windows XP Version 5.1 (Build 2600) Service Pack 2; ESRI ArcCatalog 9.2.4.1420</envirDesc><dataLang><languageCode Sync="TRUE" value="en"></languageCode></dataLang><idCitation><resTitle Sync="TRUE">bcbba_blocks</resTitle><presForm><PresFormCd Sync="TRUE" value="005"></PresFormCd></presForm></idCitation><spatRpType><SpatRepTypCd Sync="TRUE" value="001"></SpatRepTypCd></spatRpType><dataExt><geoEle><GeoBndBox esriExtentType="native"><westBL Sync="TRUE">-143.999981</westBL><eastBL Sync="TRUE">-114.000019</eastBL><northBL Sync="TRUE">60.436277</northBL><southBL Sync="TRUE">47.814109</southBL><exTypeCode Sync="TRUE">1</exTypeCode></GeoBndBox></geoEle></dataExt><geoBox esriExtentType="decdegrees"><westBL Sync="TRUE">-143.999981</westBL><eastBL Sync="TRUE">-114.000019</eastBL><northBL Sync="TRUE">60.436277</northBL><southBL Sync="TRUE">47.814109</southBL><exTypeCode Sync="TRUE">1</exTypeCode></geoBox></dataIdInfo><mdLang><languageCode Sync="TRUE" value="en"></languageCode></mdLang><mdStanName Sync="TRUE">ISO 19115 Geographic Information - Metadata</mdStanName><mdStanVer Sync="TRUE">DIS_ESRI1.0</mdStanVer><mdChar><CharSetCd Sync="TRUE" value="004"></CharSetCd></mdChar><mdHrLv><ScopeCd Sync="TRUE" value="005"></ScopeCd></mdHrLv><mdHrLvName Sync="TRUE">dataset</mdHrLvName><distInfo><distributor><distorTran><onLineSrc><orDesc Sync="TRUE">002</orDesc><linkage Sync="TRUE">file://</linkage><protocol Sync="TRUE">Local Area Network</protocol></onLineSrc><transSize Sync="TRUE">0.222</transSize></distorTran><distorFormat><formatName Sync="TRUE">ArcInfo Coverage</formatName></distorFormat></distributor></distInfo><refSysInfo><RefSystem><refSysID><identCode Sync="TRUE">GCS_North_American_1983</identCode></refSysID></RefSystem></refSysInfo><spatRepInfo><VectSpatRep><topLvl><TopoLevCd Sync="TRUE" value="004"></TopoLevCd></topLvl><geometObjs Name="arc"><geoObjTyp><GeoObjTypCd Sync="TRUE" value="003"></GeoObjTypCd></geoObjTyp><geoObjCnt Sync="TRUE">740</geoObjCnt></geometObjs><geometObjs Name="label"><geoObjTyp><GeoObjTypCd Sync="TRUE" value="004"></GeoObjTypCd></geoObjTyp><geoObjCnt Sync="TRUE">350</geoObjCnt></geometObjs><geometObjs Name="polygon"><geoObjTyp><GeoObjTypCd Sync="TRUE" value="002"></GeoObjTypCd></geoObjTyp><geoObjCnt Sync="TRUE">350</geoObjCnt></geometObjs><geometObjs Name="tic"><geoObjTyp><GeoObjTypCd Sync="TRUE" value="004"></GeoObjTypCd></geoObjTyp><geoObjCnt Sync="TRUE">4</geoObjCnt></geometObjs></VectSpatRep></spatRepInfo><mdDateSt Sync="TRUE">20080409</mdDateSt></metadata>
